id;action;description
3179;move;loooong description that is long
6352;delete;some short one
4683;reload;some other
8141;copy;longer description with special chars 1!@#!@@!$@!$
2256;rename;what what?
8645;remove;some other
1219;copy;loooong description that is long
5206;delete;some short one
3480;reload;what what?
5617;rename;longer description with special chars 1!@#!@@!$@!$
3273;move;some short one
764;remove;what what?
9029;move;loooong description that is long
5544;copy;some other
2338;rename;longer description with special chars 1!@#!@@!$@!$
5480;reload;what what?
173;remove;longer description with special chars 1!@#!@@!$@!$
8029;delete;some short one
4734;delete;some other
4089;reload;loooong description that is long
766;copy;some other
3235;rename;longer description with special chars 1!@#!@@!$@!$
774;remove;some short one
8595;move;loooong description that is long
8283;reload;what what?
3529;copy;loooong description that is long
7396;move;what what?
9171;remove;longer description with special chars 1!@#!@@!$@!$
2511;rename;some other
8288;delete;some short one
3966;rename;some short one
9261;move;longer description with special chars 1!@#!@@!$@!$
5201;remove;some other
4761;reload;loooong description that is long
3024;delete;what what?
9134;copy;what what?
5995;move;longer description with special chars 1!@#!@@!$@!$
1360;delete;some other
8986;copy;some short one
1668;rename;loooong description that is long
4683;reload;some short one
9925;remove;loooong description that is long
525;remove;what what?
9091;copy;longer description with special chars 1!@#!@@!$@!$
5404;rename;some other
3598;delete;some other
8130;move;some short one
3971;reload;loooong description that is long
2262;copy;longer description with special chars 1!@#!@@!$@!$
3171;move;what what?


















































